Metric,Value
MAE,0.006753606769945006
RMSE,0.014367004049772508
R2,0.9933080421973293
